{"cameraMode":{"drawMode":0,"name":"Shaded","section":"Shading Mode"},"sceneLighting":true,"audioPlay":false,"sceneViewState":{"m_AlwaysRefresh":false,"showFog":true,"showSkybox":true,"showFlares":true,"showImageEffects":true,"showParticleSystems":true,"showVisualEffectGraphs":true,"m_FxEnabled":true},"in2DMode":false,"pivot":{"x":8.746015548706055,"y":-2.427122116088867,"z":-8.170225143432618},"rotation":{"x":-0.4607235789299011,"y":0.004805097822099924,"z":-0.0024885102175176145,"w":-0.8875444531440735},"size":7.853058338165283,"orthographic":false}