{"cameraMode":{"drawMode":0,"name":"Shaded","section":"Shading Mode"},"sceneLighting":false,"audioPlay":false,"sceneViewState":{"m_AlwaysRefresh":false,"showFog":true,"showSkybox":false,"showFlares":true,"showImageEffects":true,"showParticleSystems":true,"showVisualEffectGraphs":true,"m_FxEnabled":true},"in2DMode":false,"pivot":{"x":8.40999984741211,"y":1.7599999904632569,"z":4.380000114440918},"rotation":{"x":-0.4607235789299011,"y":0.004805097822099924,"z":-0.0024885102175176145,"w":-0.8875444531440735},"size":1.1085578203201295,"orthographic":false}